millis,stamp,datetime,motion
999, 1532608991, 2018/7/26 12:43:11, Active
1999, 1532608992, 2018/7/26 12:43:12, Active
2999, 1532608993, 2018/7/26 12:43:13, Inactive
3999, 1532608994, 2018/7/26 12:43:14, Inactive
4998, 1532608995, 2018/7/26 12:43:15, Inactive
5999, 1532608996, 2018/7/26 12:43:16, Inactive
6999, 1532608997, 2018/7/26 12:43:17, Inactive
7999, 1532608998, 2018/7/26 12:43:18, Inactive
8999, 1532608999, 2018/7/26 12:43:19, Inactive
9999, 1532609000, 2018/7/26 12:43:20, Inactive
10999, 1532609001, 2018/7/26 12:43:21, Inactive
11999, 1532609002, 2018/7/26 12:43:22, Inactive
12999, 1532609003, 2018/7/26 12:43:23, Active
13999, 1532609004, 2018/7/26 12:43:24, Active
14999, 1532609005, 2018/7/26 12:43:25, Active
16000, 1532609006, 2018/7/26 12:43:26, Inactive
16999, 1532609007, 2018/7/26 12:43:27, Inactive
17999, 1532609008, 2018/7/26 12:43:28, Inactive
18999, 1532609009, 2018/7/26 12:43:29, Inactive
19999, 1532609010, 2018/7/26 12:43:30, Inactive
20999, 1532609011, 2018/7/26 12:43:31, Inactive
21999, 1532609012, 2018/7/26 12:43:32, Inactive
23000, 1532609013, 2018/7/26 12:43:33, Inactive
23999, 1532609014, 2018/7/26 12:43:34, Inactive
24999, 1532609015, 2018/7/26 12:43:35, Active
25999, 1532609016, 2018/7/26 12:43:36, Active
26999, 1532609017, 2018/7/26 12:43:37, Inactive
27999, 1532609018, 2018/7/26 12:43:38, Inactive
28999, 1532609019, 2018/7/26 12:43:39, Inactive
30000, 1532609020, 2018/7/26 12:43:40, Inactive
30999, 1532609021, 2018/7/26 12:43:41, Inactive
32000, 1532609022, 2018/7/26 12:43:42, Inactive
32999, 1532609023, 2018/7/26 12:43:43, Inactive
33999, 1532609024, 2018/7/26 12:43:44, Inactive
34999, 1532609025, 2018/7/26 12:43:45, Active
35999, 1532609026, 2018/7/26 12:43:46, Active
36999, 1532609027, 2018/7/26 12:43:47, Inactive
37999, 1532609028, 2018/7/26 12:43:48, Inactive
38999, 1532609029, 2018/7/26 12:43:49, Inactive
39999, 1532609030, 2018/7/26 12:43:50, Inactive
40999, 1532609031, 2018/7/26 12:43:51, Inactive
41999, 1532609032, 2018/7/26 12:43:52, Inactive
42999, 1532609033, 2018/7/26 12:43:53, Inactive
43999, 1532609034, 2018/7/26 12:43:54, Inactive
44999, 1532609035, 2018/7/26 12:43:55, Inactive
45999, 1532609036, 2018/7/26 12:43:56, Active
46999, 1532609037, 2018/7/26 12:43:57, Active
48000, 1532609038, 2018/7/26 12:43:58, Inactive
48999, 1532609039, 2018/7/26 12:43:59, Inactive
49998, 1532609040, 2018/7/26 12:44:0, Inactive
50999, 1532609041, 2018/7/26 12:44:1, Inactive
51999, 1532609042, 2018/7/26 12:44:2, Inactive
52999, 1532609043, 2018/7/26 12:44:3, Inactive
53999, 1532609044, 2018/7/26 12:44:4, Inactive
55000, 1532609045, 2018/7/26 12:44:5, Inactive
55999, 1532609046, 2018/7/26 12:44:6, Inactive
56999, 1532609047, 2018/7/26 12:44:7, Inactive
57999, 1532609048, 2018/7/26 12:44:8, Inactive
58999, 1532609049, 2018/7/26 12:44:9, Inactive
59999, 1532609050, 2018/7/26 12:44:10, Inactive
60999, 1532609052, 2018/7/26 12:44:12, Inactive
61999, 1532609053, 2018/7/26 12:44:13, Inactive
62999, 1532609054, 2018/7/26 12:44:14, Inactive
63998, 1532609055, 2018/7/26 12:44:15, Inactive
64999, 1532609055, 2018/7/26 12:44:15, Inactive
65999, 1532609057, 2018/7/26 12:44:17, Inactive
66999, 1532609058, 2018/7/26 12:44:18, Inactive
67998, 1532609059, 2018/7/26 12:44:19, Inactive
68999, 1532609060, 2018/7/26 12:44:20, Inactive
69999, 1532609061, 2018/7/26 12:44:21, Inactive
70999, 1532609062, 2018/7/26 12:44:22, Inactive
71999, 1532609063, 2018/7/26 12:44:23, Inactive
72999, 1532609064, 2018/7/26 12:44:24, Inactive
73999, 1532609065, 2018/7/26 12:44:25, Inactive
74999, 1532609066, 2018/7/26 12:44:26, Inactive
75999, 1532609067, 2018/7/26 12:44:27, Inactive
76999, 1532609068, 2018/7/26 12:44:28, Inactive
77999, 1532609069, 2018/7/26 12:44:29, Inactive
78999, 1532609070, 2018/7/26 12:44:30, Inactive
80000, 1532609071, 2018/7/26 12:44:31, Inactive
80999, 1532609072, 2018/7/26 12:44:32, Inactive
81999, 1532609073, 2018/7/26 12:44:33, Inactive
82999, 1532609074, 2018/7/26 12:44:34, Inactive
83999, 1532609075, 2018/7/26 12:44:35, Inactive
84999, 1532609076, 2018/7/26 12:44:36, Inactive
85999, 1532609077, 2018/7/26 12:44:37, Inactive
87000, 1532609078, 2018/7/26 12:44:38, Inactive
87999, 1532609079, 2018/7/26 12:44:39, Inactive
88998, 1532609080, 2018/7/26 12:44:40, Inactive
89999, 1532609081, 2018/7/26 12:44:41, Inactive
90999, 1532609082, 2018/7/26 12:44:42, Inactive
91999, 1532609083, 2018/7/26 12:44:43, Inactive
92999, 1532609084, 2018/7/26 12:44:44, Inactive
94000, 1532609085, 2018/7/26 12:44:45, Inactive
95000, 1532609086, 2018/7/26 12:44:46, Inactive
95998, 1532609087, 2018/7/26 12:44:47, Inactive
96999, 1532609088, 2018/7/26 12:44:48, Inactive
97999, 1532609089, 2018/7/26 12:44:49, Inactive
99000, 1532609090, 2018/7/26 12:44:50, Inactive
99998, 1532609091, 2018/7/26 12:44:51, Inactive
100999, 1532609092, 2018/7/26 12:44:52, Inactive
101999, 1532609093, 2018/7/26 12:44:53, Inactive
102999, 1532609094, 2018/7/26 12:44:54, Inactive
103999, 1532609095, 2018/7/26 12:44:55, Inactive
104999, 1532609096, 2018/7/26 12:44:56, Inactive
105999, 1532609097, 2018/7/26 12:44:57, Inactive
106999, 1532609098, 2018/7/26 12:44:58, Inactive
107999, 1532609099, 2018/7/26 12:44:59, Inactive
108999, 1532609100, 2018/7/26 12:45:0, Inactive
109999, 1532609101, 2018/7/26 12:45:1, Inactive
110999, 1532609102, 2018/7/26 12:45:2, Inactive
112000, 1532609103, 2018/7/26 12:45:3, Inactive
112999, 1532609104, 2018/7/26 12:45:4, Inactive
113999, 1532609105, 2018/7/26 12:45:5, Inactive
114999, 1532609106, 2018/7/26 12:45:6, Inactive
115999, 1532609107, 2018/7/26 12:45:7, Inactive
116999, 1532609108, 2018/7/26 12:45:8, Inactive
117999, 1532609109, 2018/7/26 12:45:9, Inactive
119000, 1532609110, 2018/7/26 12:45:10, Inactive
119999, 1532609111, 2018/7/26 12:45:11, Inactive
120999, 1532609112, 2018/7/26 12:45:12, Inactive
121999, 1532609113, 2018/7/26 12:45:13, Inactive
122999, 1532609114, 2018/7/26 12:45:14, Inactive
123999, 1532609115, 2018/7/26 12:45:15, Inactive
124999, 1532609116, 2018/7/26 12:45:16, Inactive
125999, 1532609117, 2018/7/26 12:45:17, Inactive
126999, 1532609118, 2018/7/26 12:45:18, Inactive
128000, 1532609119, 2018/7/26 12:45:19, Inactive
128999, 1532609120, 2018/7/26 12:45:20, Inactive
129999, 1532609121, 2018/7/26 12:45:21, Inactive
130999, 1532609122, 2018/7/26 12:45:22, Inactive
131999, 1532609123, 2018/7/26 12:45:23, Inactive
132999, 1532609124, 2018/7/26 12:45:24, Inactive
133999, 1532609125, 2018/7/26 12:45:25, Inactive
134999, 1532609126, 2018/7/26 12:45:26, Inactive
135999, 1532609127, 2018/7/26 12:45:27, Inactive
136999, 1532609128, 2018/7/26 12:45:28, Inactive
137999, 1532609129, 2018/7/26 12:45:29, Inactive
138999, 1532609130, 2018/7/26 12:45:30, Inactive
139999, 1532609131, 2018/7/26 12:45:31, Inactive
140998, 1532609132, 2018/7/26 12:45:32, Inactive
142000, 1532609133, 2018/7/26 12:45:33, Inactive
142999, 1532609134, 2018/7/26 12:45:34, Inactive
143998, 1532609135, 2018/7/26 12:45:35, Inactive
144999, 1532609136, 2018/7/26 12:45:36, Inactive
145999, 1532609137, 2018/7/26 12:45:37, Inactive
147000, 1532609138, 2018/7/26 12:45:38, Inactive
147999, 1532609139, 2018/7/26 12:45:39, Inactive
148999, 1532609140, 2018/7/26 12:45:40, Inactive
149999, 1532609141, 2018/7/26 12:45:41, Inactive
150999, 1532609142, 2018/7/26 12:45:42, Inactive
